{"createTime":1531102826352,"name":"20180709102026","towerLat":22.590179162699616,"towerLon":113.97986191918513,"toweralt":0.0}